0,Number of Comparisions,,,
1,0,,1,1
2,1,,2,4
3,3,,3,9
4,6,,4,16
5,5,,5,25
6,14,,6,36
7,16,,7,49
8,15,,8,64
9,24,,9,81
10,24,,10,100
11,42,,11,121
12,36,,12,144
13,50,,13,169
14,59,,14,196
15,59,,15,225
16,97,,16,256
17,84,,17,289
18,106,,18,324
19,117,,19,361
20,95,,20,400
21,121,,21,441
22,152,,22,484
23,141,,23,529
24,158,,24,576
25,161,,25,625
26,187,,26,676
27,240,,27,729
28,213,,28,784
29,241,,29,841
30,276,,30,900
31,296,,31,961
32,257,,32,1024
33,351,,33,1089
34,349,,34,1156
35,349,,35,1225
36,366,,36,1296
37,358,,37,1369
38,437,,38,1444
39,403,,39,1521
40,438,,40,1600
41,507,,41,1681
42,521,,42,1764
43,553,,43,1849
44,489,,44,1936
45,508,,45,2025
46,620,,46,2116
47,625,,47,2209
48,583,,48,2304
49,641,,49,2401
50,589,,50,2500
51,713,,51,2601
52,710,,52,2704
53,714,,53,2809
54,878,,54,2916
55,845,,55,3025
56,829,,56,3136
57,744,,57,3249
58,959,,58,3364
59,1041,,59,3481
60,927,,60,3600
61,994,,61,3721
62,1051,,62,3844
63,1023,,63,3969
64,1020,,64,4096
65,1148,,65,4225
66,1020,,66,4356
67,1179,,67,4489
68,1198,,68,4624
69,1224,,69,4761
70,1319,,70,4900
71,1142,,71,5041
72,1216,,72,5184
73,1375,,73,5329
74,1409,,74,5476
75,1374,,75,5625
76,1351,,76,5776
77,1613,,77,5929
78,1498,,78,6084
79,1641,,79,6241
80,1829,,80,6400
81,1714,,81,6561
82,1977,,82,6724
83,1705,,83,6889
84,1768,,84,7056
85,1837,,85,7225
86,1903,,86,7396
87,2104,,87,7569
88,2100,,88,7744
89,2225,,89,7921
90,2124,,90,8100
91,2117,,91,8281
92,2347,,92,8464
93,1724,,93,8649
94,2277,,94,8836
95,2509,,95,9025
96,2450,,96,9216
97,2417,,97,9409
98,2414,,98,9604
99,2360,,99,9801
100,2841,,100,10000
101,2746,,101,10201
102,2789,,102,10404
103,2575,,103,10609
104,2689,,104,10816
105,2579,,105,11025
106,3034,,106,11236
107,2854,,107,11449
108,2736,,108,11664
109,3145,,109,11881
110,2926,,110,12100
111,3039,,111,12321
112,3429,,112,12544
113,2768,,113,12769
114,3620,,114,12996
115,3272,,115,13225
116,3497,,116,13456
117,3486,,117,13689
118,3503,,118,13924
119,3657,,119,14161
120,3557,,120,14400
121,3625,,121,14641
122,4230,,122,14884
123,4107,,123,15129
124,3893,,124,15376
125,4329,,125,15625
126,4377,,126,15876
127,4171,,127,16129
128,4444,,128,16384
129,4776,,129,16641
130,4275,,130,16900
131,4389,,131,17161
132,4219,,132,17424
133,4517,,133,17689
134,4111,,134,17956
135,4842,,135,18225
136,4405,,136,18496
137,4507,,137,18769
138,4377,,138,19044
139,4707,,139,19321
140,5142,,140,19600
141,4777,,141,19881
142,5308,,142,20164
143,5067,,143,20449
144,5230,,144,20736
145,5540,,145,21025
146,5485,,146,21316
147,5964,,147,21609
148,6000,,148,21904
149,6063,,149,22201
150,5252,,150,22500
151,5748,,151,22801
152,5545,,152,23104
153,5631,,153,23409
154,6269,,154,23716
155,6382,,155,24025
156,5648,,156,24336
157,5759,,157,24649
158,6446,,158,24964
159,6795,,159,25281
160,6621,,160,25600
161,6347,,161,25921
162,7187,,162,26244
163,6738,,163,26569
164,6130,,164,26896
165,7034,,165,27225
166,6918,,166,27556
167,6821,,167,27889
168,6655,,168,28224
169,8047,,169,28561
170,6569,,170,28900
171,6566,,171,29241
172,7871,,172,29584
173,7448,,173,29929
174,7132,,174,30276
175,7574,,175,30625
176,7612,,176,30976
177,8460,,177,31329
178,8600,,178,31684
179,8404,,179,32041
180,8534,,180,32400
181,8407,,181,32761
182,8543,,182,33124
183,8428,,183,33489
184,8388,,184,33856
185,8786,,185,34225
186,8278,,186,34596
187,9108,,187,34969
188,9324,,188,35344
189,8641,,189,35721
190,9484,,190,36100
191,8934,,191,36481
192,9943,,192,36864
193,8873,,193,37249
194,9703,,194,37636
195,9324,,195,38025
196,8539,,196,38416
197,9039,,197,38809
198,9987,,198,39204
199,10408,,199,39601
200,10147,,200,40000
201,9744,,201,40401
202,10001,,202,40804
203,11098,,203,41209
204,10725,,204,41616
205,10600,,205,42025
206,11394,,206,42436
207,12023,,207,42849
208,10880,,208,43264
209,10913,,209,43681
210,11518,,210,44100
211,11344,,211,44521
212,10950,,212,44944
213,12001,,213,45369
214,11610,,214,45796
215,12103,,215,46225
216,12103,,216,46656
217,12195,,217,47089
218,12203,,218,47524
219,11534,,219,47961
220,12468,,220,48400
221,11802,,221,48841
222,11841,,222,49284
223,12746,,223,49729
224,12805,,224,50176
225,13811,,225,50625
226,12555,,226,51076
227,12958,,227,51529
228,14503,,228,51984
229,14248,,229,52441
230,13708,,230,52900
231,12800,,231,53361
232,13463,,232,53824
233,14125,,233,54289
234,12375,,234,54756
235,13005,,235,55225
236,13820,,236,55696
237,13173,,237,56169
238,13632,,238,56644
239,15487,,239,57121
240,14733,,240,57600
241,15290,,241,58081
242,14350,,242,58564
243,14787,,243,59049
244,14947,,244,59536
245,15180,,245,60025
246,15015,,246,60516
247,15093,,247,61009
248,15625,,248,61504
249,15249,,249,62001
250,15983,,250,62500
251,16119,,251,63001
252,16091,,252,63504
253,15512,,253,64009
254,15309,,254,64516
255,15306,,255,65025
256,16610,,256,65536
257,16523,,257,66049
258,16464,,258,66564
259,16200,,259,67081
260,17805,,260,67600
261,17795,,261,68121
262,17503,,262,68644
263,17551,,263,69169
264,18179,,264,69696
265,17308,,265,70225
266,17620,,266,70756
267,18878,,267,71289
268,17576,,268,71824
269,18958,,269,72361
270,19029,,270,72900
271,18068,,271,73441
272,18323,,272,73984
273,18783,,273,74529
274,17775,,274,75076
275,19808,,275,75625
276,20328,,276,76176
277,19894,,277,76729
278,19577,,278,77284
279,17130,,279,77841
280,20269,,280,78400
281,19330,,281,78961
282,21666,,282,79524
283,20036,,283,80089
284,20909,,284,80656
285,20404,,285,81225
286,19876,,286,81796
287,20560,,287,82369
288,20596,,288,82944
289,20412,,289,83521
290,22359,,290,84100
291,22195,,291,84681
292,22463,,292,85264
293,21828,,293,85849
294,23023,,294,86436
295,22111,,295,87025
296,22062,,296,87616
297,22529,,297,88209
298,21953,,298,88804
299,22046,,299,89401
300,23597,,300,90000
301,23808,,301,90601
302,23072,,302,91204
303,22371,,303,91809
304,22778,,304,92416
305,24088,,305,93025
306,22077,,306,93636
307,24574,,307,94249
308,22452,,308,94864
309,24996,,309,95481
310,24529,,310,96100
311,22577,,311,96721
312,23661,,312,97344
313,23818,,313,97969
314,24882,,314,98596
315,25614,,315,99225
316,24483,,316,99856
317,26649,,317,100489
318,24975,,318,101124
319,26861,,319,101761
320,26699,,320,102400
321,26608,,321,103041
322,27315,,322,103684
323,25320,,323,104329
324,26214,,324,104976
325,26378,,325,105625
326,28090,,326,106276
327,25695,,327,106929
328,25445,,328,107584
329,26990,,329,108241
330,27789,,330,108900
331,28048,,331,109561
332,27711,,332,110224
333,26676,,333,110889
334,27779,,334,111556
335,28261,,335,112225
336,28510,,336,112896
337,28978,,337,113569
338,28956,,338,114244
339,29931,,339,114921
340,29393,,340,115600
341,28631,,341,116281
342,29115,,342,116964
343,29652,,343,117649
344,28686,,344,118336
345,31366,,345,119025
346,28257,,346,119716
347,29349,,347,120409
348,31375,,348,121104
349,31359,,349,121801
350,31868,,350,122500
351,31636,,351,123201
352,31458,,352,123904
353,32323,,353,124609
354,33389,,354,125316
355,31416,,355,126025
356,31154,,356,126736
357,31829,,357,127449
358,33204,,358,128164
359,32256,,359,128881
360,32053,,360,129600
361,33807,,361,130321
362,33244,,362,131044
363,33723,,363,131769
364,33261,,364,132496
365,34150,,365,133225
366,33832,,366,133956
367,33838,,367,134689
368,31011,,368,135424
369,34746,,369,136161
370,36196,,370,136900
371,36069,,371,137641
372,35544,,372,138384
373,33397,,373,139129
374,36552,,374,139876
375,33740,,375,140625
376,36062,,376,141376
377,34493,,377,142129
378,35061,,378,142884
379,35895,,379,143641
380,34856,,380,144400
381,36929,,381,145161
382,37406,,382,145924
383,36512,,383,146689
384,38107,,384,147456
385,36827,,385,148225
386,36867,,386,148996
387,36794,,387,149769
388,37921,,388,150544
389,38153,,389,151321
390,35341,,390,152100
391,38828,,391,152881
392,37231,,392,153664
393,36988,,393,154449
394,39272,,394,155236
395,39112,,395,156025
396,39408,,396,156816
397,41955,,397,157609
398,38364,,398,158404
399,41556,,399,159201
400,42510,,400,160000
401,41432,,401,160801
402,40912,,402,161604
403,40351,,403,162409
404,43250,,404,163216
405,39540,,405,164025
406,42885,,406,164836
407,43409,,407,165649
408,44602,,408,166464
409,42819,,409,167281
410,41734,,410,168100
411,42355,,411,168921
412,42743,,412,169744
413,44072,,413,170569
414,43982,,414,171396
415,44025,,415,172225
416,42389,,416,173056
417,43032,,417,173889
418,44568,,418,174724
419,46569,,419,175561
420,45671,,420,176400
421,43089,,421,177241
422,43080,,422,178084
423,44580,,423,178929
424,44829,,424,179776
425,46762,,425,180625
426,47855,,426,181476
427,44972,,427,182329
428,47696,,428,183184
429,48492,,429,184041
430,47401,,430,184900
431,44858,,431,185761
432,46485,,432,186624
433,49145,,433,187489
434,46990,,434,188356
435,47491,,435,189225
436,47538,,436,190096
437,47410,,437,190969
438,46320,,438,191844
439,48695,,439,192721
440,47967,,440,193600
441,47666,,441,194481
442,50407,,442,195364
443,49287,,443,196249
444,48725,,444,197136
445,51072,,445,198025
446,50751,,446,198916
447,49437,,447,199809
448,49903,,448,200704
449,48774,,449,201601
450,54041,,450,202500
451,51306,,451,203401
452,52379,,452,204304
453,51774,,453,205209
454,51982,,454,206116
455,53140,,455,207025
456,52816,,456,207936
457,52066,,457,208849
458,55024,,458,209764
459,56154,,459,210681
460,50381,,460,211600
461,51717,,461,212521
462,56272,,462,213444
463,54079,,463,214369
464,52604,,464,215296
465,51364,,465,216225
466,54293,,466,217156
467,53488,,467,218089
468,53276,,468,219024
469,56583,,469,219961
470,56552,,470,220900
471,57069,,471,221841
472,52505,,472,222784
473,56974,,473,223729
474,55099,,474,224676
475,55895,,475,225625
476,57823,,476,226576
477,56671,,477,227529
478,57711,,478,228484
479,58114,,479,229441
480,56488,,480,230400
481,58509,,481,231361
482,60413,,482,232324
483,58728,,483,233289
484,59726,,484,234256
485,61035,,485,235225
486,59167,,486,236196
487,58939,,487,237169
488,61879,,488,238144
489,58832,,489,239121
490,60724,,490,240100
491,62549,,491,241081
492,64544,,492,242064
493,58712,,493,243049
494,59345,,494,244036
495,61574,,495,245025
496,62998,,496,246016
497,61600,,497,247009
498,63510,,498,248004
499,63897,,499,249001
500,63604,,500,250000
501,67560,,501,251001
502,61914,,502,252004
503,60539,,503,253009
504,66033,,504,254016
505,63924,,505,255025
506,64371,,506,256036
507,64936,,507,257049
508,65298,,508,258064
509,64932,,509,259081
510,64983,,510,260100
511,63408,,511,261121
512,64791,,512,262144
513,65022,,513,263169
514,64827,,514,264196
515,64183,,515,265225
516,65589,,516,266256
517,67839,,517,267289
518,64615,,518,268324
519,70229,,519,269361
520,71211,,520,270400
521,68696,,521,271441
522,66469,,522,272484
523,64903,,523,273529
524,73008,,524,274576
525,69835,,525,275625
526,67249,,526,276676
527,69939,,527,277729
528,68776,,528,278784
529,71732,,529,279841
530,71367,,530,280900
531,69568,,531,281961
532,69105,,532,283024
533,68381,,533,284089
534,71138,,534,285156
535,70354,,535,286225
536,70739,,536,287296
537,73389,,537,288369
538,73190,,538,289444
539,76460,,539,290521
540,78189,,540,291600
541,73993,,541,292681
542,71830,,542,293764
543,72254,,543,294849
544,73214,,544,295936
545,73587,,545,297025
546,78004,,546,298116
547,77312,,547,299209
548,76794,,548,300304
549,73326,,549,301401
550,74622,,550,302500
551,76589,,551,303601
552,76033,,552,304704
553,74775,,553,305809
554,76879,,554,306916
555,72334,,555,308025
556,75289,,556,309136
557,78578,,557,310249
558,80548,,558,311364
559,76921,,559,312481
560,81010,,560,313600
561,78474,,561,314721
562,81213,,562,315844
563,76289,,563,316969
564,84183,,564,318096
565,83662,,565,319225
566,78133,,566,320356
567,81464,,567,321489
568,79441,,568,322624
569,79463,,569,323761
570,78820,,570,324900
571,79931,,571,326041
572,81901,,572,327184
573,83497,,573,328329
574,82279,,574,329476
575,82179,,575,330625
576,85845,,576,331776
577,81582,,577,332929
578,83651,,578,334084
579,85987,,579,335241
580,87494,,580,336400
581,84959,,581,337561
582,88514,,582,338724
583,85630,,583,339889
584,86852,,584,341056
585,88008,,585,342225
586,90449,,586,343396
587,89211,,587,344569
588,88716,,588,345744
589,86445,,589,346921
590,87290,,590,348100
591,87481,,591,349281
592,89731,,592,350464
593,85923,,593,351649
594,85776,,594,352836
595,90117,,595,354025
596,88082,,596,355216
597,93371,,597,356409
598,88185,,598,357604
599,92930,,599,358801
600,90151,,600,360000
601,90654,,601,361201
602,88574,,602,362404
603,95292,,603,363609
604,88857,,604,364816
605,88651,,605,366025
606,94973,,606,367236
607,86901,,607,368449
608,95561,,608,369664
609,94724,,609,370881
610,94106,,610,372100
611,91443,,611,373321
612,96466,,612,374544
613,99874,,613,375769
614,96261,,614,376996
615,96534,,615,378225
616,94989,,616,379456
617,94467,,617,380689
618,91143,,618,381924
619,92371,,619,383161
620,99329,,620,384400
621,98178,,621,385641
622,93595,,622,386884
623,104926,,623,388129
624,96177,,624,389376
625,98323,,625,390625
626,99813,,626,391876
627,96656,,627,393129
628,101275,,628,394384
629,95569,,629,395641
630,103730,,630,396900
631,99694,,631,398161
632,104410,,632,399424
633,101595,,633,400689
634,99624,,634,401956
635,100695,,635,403225
636,103125,,636,404496
637,103941,,637,405769
638,104650,,638,407044
639,102083,,639,408321
640,106335,,640,409600
641,104631,,641,410881
642,104148,,642,412164
643,98190,,643,413449
644,104454,,644,414736
645,102121,,645,416025
646,103147,,646,417316
647,106807,,647,418609
648,109376,,648,419904
649,109774,,649,421201
650,110720,,650,422500
651,108385,,651,423801
652,109828,,652,425104
653,110092,,653,426409
654,106102,,654,427716
655,103656,,655,429025
656,107057,,656,430336
657,111844,,657,431649
658,108004,,658,432964
659,107926,,659,434281
660,106793,,660,435600
661,108358,,661,436921
662,109582,,662,438244
663,111742,,663,439569
664,110145,,664,440896
665,109940,,665,442225
666,108169,,666,443556
667,112595,,667,444889
668,112820,,668,446224
669,112474,,669,447561
670,112231,,670,448900
671,115726,,671,450241
672,108576,,672,451584
673,115605,,673,452929
674,110753,,674,454276
675,115330,,675,455625
676,117136,,676,456976
677,117051,,677,458329
678,117375,,678,459684
679,111286,,679,461041
680,115561,,680,462400
681,114502,,681,463761
682,119693,,682,465124
683,116924,,683,466489
684,123554,,684,467856
685,116875,,685,469225
686,112902,,686,470596
687,124149,,687,471969
688,116221,,688,473344
689,119660,,689,474721
690,117927,,690,476100
691,119524,,691,477481
692,117406,,692,478864
693,121003,,693,480249
694,121952,,694,481636
695,118562,,695,483025
696,126103,,696,484416
697,119498,,697,485809
698,120856,,698,487204
699,122138,,699,488601
700,124540,,700,490000
701,124104,,701,491401
702,125994,,702,492804
703,120899,,703,494209
704,125816,,704,495616
705,121673,,705,497025
706,119933,,706,498436
707,123775,,707,499849
708,122617,,708,501264
709,128772,,709,502681
710,126580,,710,504100
711,132034,,711,505521
712,130140,,712,506944
713,122473,,713,508369
714,128033,,714,509796
715,126118,,715,511225
716,129315,,716,512656
717,129383,,717,514089
718,130881,,718,515524
719,126614,,719,516961
720,126916,,720,518400
721,132991,,721,519841
722,134795,,722,521284
723,141844,,723,522729
724,135476,,724,524176
725,133651,,725,525625
726,127626,,726,527076
727,129289,,727,528529
728,135154,,728,529984
729,135758,,729,531441
730,134348,,730,532900
731,128421,,731,534361
732,131797,,732,535824
733,135452,,733,537289
734,137632,,734,538756
735,133318,,735,540225
736,134955,,736,541696
737,131671,,737,543169
738,139036,,738,544644
739,139658,,739,546121
740,140874,,740,547600
741,138535,,741,549081
742,135121,,742,550564
743,137404,,743,552049
744,138516,,744,553536
745,136966,,745,555025
746,140480,,746,556516
747,143103,,747,558009
748,140875,,748,559504
749,144198,,749,561001
750,140970,,750,562500
751,141146,,751,564001
752,145397,,752,565504
753,145581,,753,567009
754,142360,,754,568516
755,145256,,755,570025
756,141145,,756,571536
757,146140,,757,573049
758,145792,,758,574564
759,145205,,759,576081
760,140676,,760,577600
761,142550,,761,579121
762,147226,,762,580644
763,146784,,763,582169
764,143933,,764,583696
765,152460,,765,585225
766,143793,,766,586756
767,147658,,767,588289
768,153412,,768,589824
769,150693,,769,591361
770,152667,,770,592900
771,147438,,771,594441
772,151229,,772,595984
773,149860,,773,597529
774,152253,,774,599076
775,149887,,775,600625
776,153705,,776,602176
777,155314,,777,603729
778,146731,,778,605284
779,152132,,779,606841
780,148807,,780,608400
781,156676,,781,609961
782,151872,,782,611524
783,155778,,783,613089
784,151377,,784,614656
785,151894,,785,616225
786,156211,,786,617796
787,151911,,787,619369
788,155649,,788,620944
789,164935,,789,622521
790,161072,,790,624100
791,156612,,791,625681
792,162348,,792,627264
793,158347,,793,628849
794,159664,,794,630436
795,151686,,795,632025
796,159264,,796,633616
797,160594,,797,635209
798,162826,,798,636804
799,162330,,799,638401
800,161377,,800,640000
801,163165,,801,641601
802,164323,,802,643204
803,160777,,803,644809
804,161070,,804,646416
805,161737,,805,648025
806,158648,,806,649636
807,165104,,807,651249
808,158056,,808,652864
809,163108,,809,654481
810,170109,,810,656100
811,164065,,811,657721
812,162191,,812,659344
813,164390,,813,660969
814,164825,,814,662596
815,164260,,815,664225
816,168585,,816,665856
817,171215,,817,667489
818,175898,,818,669124
819,162367,,819,670761
820,166151,,820,672400
821,172370,,821,674041
822,162018,,822,675684
823,166359,,823,677329
824,162597,,824,678976
825,166586,,825,680625
826,173340,,826,682276
827,169705,,827,683929
828,177007,,828,685584
829,174654,,829,687241
830,166385,,830,688900
831,167178,,831,690561
832,170232,,832,692224
833,170451,,833,693889
834,167711,,834,695556
835,183487,,835,697225
836,179915,,836,698896
837,179577,,837,700569
838,172036,,838,702244
839,174937,,839,703921
840,176034,,840,705600
841,172929,,841,707281
842,175765,,842,708964
843,174832,,843,710649
844,179133,,844,712336
845,175820,,845,714025
846,181631,,846,715716
847,174507,,847,717409
848,183071,,848,719104
849,179973,,849,720801
850,177275,,850,722500
851,175928,,851,724201
852,174754,,852,725904
853,176991,,853,727609
854,172515,,854,729316
855,177834,,855,731025
856,187050,,856,732736
857,188288,,857,734449
858,184407,,858,736164
859,180135,,859,737881
860,188212,,860,739600
861,186995,,861,741321
862,189619,,862,743044
863,186078,,863,744769
864,183551,,864,746496
865,186568,,865,748225
866,188682,,866,749956
867,197167,,867,751689
868,182431,,868,753424
869,196284,,869,755161
870,187967,,870,756900
871,194517,,871,758641
872,187301,,872,760384
873,190672,,873,762129
874,193859,,874,763876
875,188803,,875,765625
876,192280,,876,767376
877,204298,,877,769129
878,188307,,878,770884
879,186800,,879,772641
880,197558,,880,774400
881,199921,,881,776161
882,199879,,882,777924
883,188939,,883,779689
884,192784,,884,781456
885,191678,,885,783225
886,192380,,886,784996
887,207668,,887,786769
888,196222,,888,788544
889,201645,,889,790321
890,197797,,890,792100
891,199043,,891,793881
892,196028,,892,795664
893,197884,,893,797449
894,205824,,894,799236
895,204992,,895,801025
896,203390,,896,802816
897,200454,,897,804609
898,203308,,898,806404
899,204749,,899,808201
900,210803,,900,810000
901,197315,,901,811801
902,199569,,902,813604
903,210279,,903,815409
904,196367,,904,817216
905,205333,,905,819025
906,199102,,906,820836
907,200211,,907,822649
908,202904,,908,824464
909,208809,,909,826281
910,202624,,910,828100
911,208977,,911,829921
912,214518,,912,831744
913,206675,,913,833569
914,215563,,914,835396
915,205733,,915,837225
916,206030,,916,839056
917,214027,,917,840889
918,214346,,918,842724
919,210492,,919,844561
920,224084,,920,846400
921,221038,,921,848241
922,213227,,922,850084
923,210772,,923,851929
924,220445,,924,853776
925,216924,,925,855625
926,222373,,926,857476
927,221515,,927,859329
928,217595,,928,861184
929,211961,,929,863041
930,221548,,930,864900
931,216278,,931,866761
932,222845,,932,868624
933,211556,,933,870489
934,225000,,934,872356
935,221769,,935,874225
936,223281,,936,876096
937,212693,,937,877969
938,221558,,938,879844
939,213442,,939,881721
940,223736,,940,883600
941,222409,,941,885481
942,225206,,942,887364
943,220632,,943,889249
944,224646,,944,891136
945,232237,,945,893025
946,221874,,946,894916
947,220719,,947,896809
948,224052,,948,898704
949,228419,,949,900601
950,225183,,950,902500
951,226659,,951,904401
952,235474,,952,906304
953,224927,,953,908209
954,223665,,954,910116
955,226940,,955,912025
956,229780,,956,913936
957,226957,,957,915849
958,236144,,958,917764
959,233238,,959,919681
960,232289,,960,921600
961,232774,,961,923521
962,228645,,962,925444
963,230362,,963,927369
964,236202,,964,929296
965,238731,,965,931225
966,235598,,966,933156
967,234598,,967,935089
968,236408,,968,937024
969,224294,,969,938961
970,228287,,970,940900
971,236394,,971,942841
972,245857,,972,944784
973,230887,,973,946729
974,246425,,974,948676
975,239920,,975,950625
976,244633,,976,952576
977,245176,,977,954529
978,238360,,978,956484
979,245269,,979,958441
980,238421,,980,960400
981,235440,,981,962361
982,244466,,982,964324
983,242713,,983,966289
984,237832,,984,968256
985,251140,,985,970225
986,256085,,986,972196
987,240098,,987,974169
988,242629,,988,976144
989,243976,,989,978121
990,242040,,990,980100
991,249138,,991,982081
992,244032,,992,984064
993,246065,,993,986049
994,239306,,994,988036
995,239777,,995,990025
996,242281,,996,992016
997,254395,,997,994009
998,252095,,998,996004
999,251709,,999,998001
1000,251434,,1000,1000000
,,,,
Insertion Lists Size 1000: Lowest of Highest ,,,,
1000,252721,,,
,,,,
Insertion Lists Size 1000: Highest to Lowest ,,,,
250722,250722,,,
,,,,
Bubble Sort Lists Sizes 1-1000: Lowest to Highest ,,,,
1,0,,,
2,1,,,
3,3,,,
4,6,,,
5,4,,,
6,15,,,
7,21,,,
8,22,,,
9,33,,,
10,45,,,
11,49,,,
12,60,,,
13,72,,,
14,85,,,
15,95,,,
16,117,,,
17,136,,,
18,132,,,
19,171,,,
20,189,,,
21,210,,,
22,216,,,
23,232,,,
24,240,,,
25,294,,,
26,315,,,
27,345,,,
28,363,,,
29,406,,,
30,414,,,
31,462,,,
32,460,,,
33,513,,,
34,506,,,
35,574,,,
36,627,,,
37,630,,,
38,667,,,
39,738,,,
40,765,,,
41,810,,,
42,846,,,
43,875,,,
44,855,,,
45,980,,,
46,1025,,,
47,1071,,,
48,1100,,,
49,1166,,,
50,1170,,,
51,1209,,,
52,1326,,,
53,1287,,,
54,1365,,,
55,1380,,,
56,1485,,,
57,1596,,,
58,1632,,,
59,1690,,,
60,1755,,,
61,1710,,,
62,1825,,,
63,1932,,,
64,2013,,,
65,1975,,,
66,2130,,,
67,2205,,,
68,2275,,,
69,2345,,,
70,2349,,,
71,2457,,,
72,2550,,,
73,2613,,,
74,2665,,,
75,2774,,,
76,2805,,,
77,2673,,,
78,2982,,,
79,3053,,,
80,3160,,,
81,3174,,,
82,3285,,,
83,3375,,,
84,3471,,,
85,3570,,,
86,3640,,,
87,3636,,,
88,3708,,,
89,3888,,,
90,3969,,,
91,3959,,,
92,4185,,,
93,4212,,,
94,4326,,,
95,4312,,,
96,4209,,,
97,4656,,,
98,4675,,,
99,4806,,,
100,4895,,,
101,4945,,,
102,5046,,,
103,5250,,,
104,5203,,,
105,5355,,,
106,5555,,,
107,5605,,,
108,5778,,,
109,5750,,,
110,5980,,,
111,5895,,,
112,5940,,,
113,6322,,,
114,6336,,,
115,6302,,,
116,6460,,,
117,6741,,,
118,6902,,,
119,6930,,,
120,7119,,,
121,7215,,,
122,7245,,,
123,7367,,,
124,7605,,,
125,7497,,,
126,7665,,,
127,7770,,,
128,8092,,,
129,8246,,,
130,8349,,,
131,8344,,,
132,8640,,,
133,8343,,,
134,8775,,,
135,8855,,,
136,9152,,,
137,9310,,,
138,9222,,,
139,9588,,,
140,9639,,,
141,9639,,,
142,9906,,,
143,10075,,,
144,10268,,,
145,10395,,,
146,10432,,,
147,10455,,,
148,10625,,,
149,10981,,,
150,10647,,,
151,11310,,,
152,11421,,,
153,11328,,,
154,11676,,,
155,11869,,,
156,11790,,,
157,12245,,,
158,12382,,,
159,12555,,,
160,12714,,,
161,12690,,,
162,12936,,,
163,13112,,,
164,13288,,,
165,13515,,,
166,13395,,,
167,13708,,,
168,13818,,,
169,13986,,,
170,14260,,,
171,14430,,,
172,14516,,,
173,14812,,,
174,14973,,,
175,15089,,,
176,15355,,,
177,15555,,,
178,15687,,,
179,15840,,,
180,16100,,,
181,15884,,,
182,16335,,,
183,16562,,,
184,16583,,,
185,17010,,,
186,17127,,,
187,17346,,,
188,17542,,,
189,17535,,,
190,17427,,,
191,18145,,,
192,18200,,,
193,18122,,,
194,18720,,,
195,18849,,,
196,18675,,,
197,19053,,,
198,19227,,,
199,19635,,,
200,19897,,,
201,20094,,,
202,20256,,,
203,20203,,,
204,20601,,,
205,20532,,,
206,21100,,,
207,21168,,,
208,21408,,,
209,21565,,,
210,21879,,,
211,21830,,,
212,22321,,,
213,22572,,,
214,22385,,,
215,22815,,,
216,23165,,,
217,23331,,,
218,23443,,,
219,23595,,,
220,23814,,,
221,24174,,,
222,24411,,,
223,24752,,,
224,24931,,,
225,25179,,,
226,25389,,,
227,25546,,,
228,25668,,,
229,26070,,,
230,26145,,,
231,26537,,,
232,26741,,,
233,27000,,,
234,27170,,,
235,27474,,,
236,27694,,,
237,27911,,,
238,27972,,,
239,28035,,,
240,28659,,,
241,28899,,,
242,29025,,,
243,29358,,,
244,29601,,,
245,29845,,,
246,30120,,,
247,30326,,,
248,30592,,,
249,30785,,,
250,31034,,,
251,31099,,,
252,31191,,,
253,31625,,,
254,32116,,,
255,32175,,,
256,32630,,,
257,32643,,,
258,32775,,,
259,33221,,,
260,33517,,,
261,33605,,,
262,34188,,,
263,34348,,,
264,34365,,,
265,34944,,,
266,35200,,,
267,35358,,,
268,35478,,,
269,35581,,,
270,36237,,,
271,36057,,,
272,36736,,,
273,36803,,,
274,37346,,,
275,37045,,,
276,37845,,,
277,37848,,,
278,38332,,,
279,38676,,,
280,38394,,,
281,38812,,,
282,39593,,,
283,39783,,,
284,40033,,,
285,40404,,,
286,40502,,,
287,40635,,,
288,41300,,,
289,41496,,,
290,41044,,,
291,42159,,,
292,41783,,,
293,41788,,,
294,42818,,,
295,43337,,,
296,43429,,,
297,43491,,,
298,43818,,,
299,44298,,,
300,44822,,,
301,44715,,,
302,44890,,,
303,45543,,,
304,45678,,,
305,46207,,,
306,46610,,,
307,46866,,,
308,46417,,,
309,47520,,,
310,47850,,,
311,48177,,,
312,48480,,,
313,48773,,,
314,48970,,,
315,49400,,,
316,49104,,,
317,50058,,,
318,50232,,,
319,50421,,,
320,50689,,,
321,51170,,,
322,50901,,,
323,51703,,,
324,52050,,,
325,52595,,,
326,51894,,,
327,53048,,,
328,53418,,,
329,53865,,,
330,54075,,,
331,54264,,,
332,54910,,,
333,54750,,,
334,55566,,,
335,55774,,,
336,56189,,,
337,55836,,,
338,56800,,,
339,57186,,,
340,57539,,,
341,57694,,,
342,57960,,,
343,57707,,,
344,58786,,,
345,59015,,,
346,59124,,,
347,59596,,,
348,60312,,,
349,60536,,,
350,60970,,,
351,61172,,,
352,61623,,,
353,61918,,,
354,62271,,,
355,62825,,,
356,62694,,,
357,63540,,,
358,63867,,,
359,64030,,,
360,64430,,,
361,64977,,,
362,65331,,,
363,65625,,,
364,65631,,,
365,66259,,,
366,66417,,,
367,67056,,,
368,67507,,,
369,67686,,,
370,67635,,,
371,66865,,,
372,68510,,,
373,68432,,,
374,69010,,,
375,70104,,,
376,70175,,,
377,70645,,,
378,71225,,,
379,71495,,,
380,71779,,,
381,72090,,,
382,72705,,,
383,73098,,,
384,73283,,,
385,73730,,,
386,73177,,,
387,74646,,,
388,74958,,,
389,75346,,,
390,75735,,,
391,76109,,,
392,76311,,,
393,76992,,,
394,77211,,,
395,77185,,,
396,77580,,,
397,78570,,,
398,78727,,,
399,79335,,,
400,79449,,,
401,79875,,,
402,80523,,,
403,80703,,,
404,81106,,,
405,81600,,,
406,82095,,,
407,82468,,,
408,81650,,,
409,83316,,,
410,83494,,,
411,84240,,,
412,83805,,,
413,85075,,,
414,85320,,,
415,85869,,,
416,85617,,,
417,86600,,,
418,86828,,,
419,87480,,,
420,87759,,,
421,88110,,,
422,88816,,,
423,89043,,,
424,89270,,,
425,90034,,,
426,90147,,,
427,90761,,,
428,91372,,,
429,91653,,,
430,91829,,,
431,92512,,,
432,92976,,,
433,92825,,,
434,93841,,,
435,94290,,,
436,94739,,,
437,95161,,,
438,95427,,,
439,96050,,,
440,94984,,,
441,96117,,,
442,97230,,,
443,96868,,,
444,98336,,,
445,98699,,,
446,99064,,,
447,99590,,,
448,99750,,,
449,100440,,,
450,100359,,,
451,101304,,,
452,101821,,,
453,101475,,,
454,102201,,,
455,103219,,,
456,102960,,,
457,103761,,,
458,104218,,,
459,105045,,,
460,104867,,,
461,105502,,,
462,105930,,,
463,105777,,,
464,107163,,,
465,107690,,,
466,108020,,,
467,107821,,,
468,108417,,,
469,109340,,,
470,109474,,,
471,110514,,,
472,110805,,,
473,111222,,,
474,111801,,,
475,112250,,,
476,112914,,,
477,113091,,,
478,113850,,,
479,114046,,,
480,114770,,,
481,113610,,,
482,115900,,,
483,115542,,,
484,116795,,,
485,117070,,,
486,117834,,,
487,117395,,,
488,118638,,,
489,119238,,,
490,119244,,,
491,119214,,,
492,120596,,,
493,120648,,,
494,121716,,,
495,121940,,,
496,122232,,,
497,123066,,,
498,123428,,,
499,124223,,,
500,124560,,,
501,125114,,,
502,125498,,,
503,125757,,,
504,126728,,,
505,124704,,,
506,127660,,,
507,127710,,,
508,128250,,,
509,129283,,,
510,129792,,,
511,130185,,,
512,130150,,,
513,131097,,,
514,130616,,,
515,132250,,,
516,132342,,,
517,132258,,,
518,132913,,,
519,133560,,,
520,134562,,,
521,134964,,,
522,135546,,,
523,136250,,,
524,136285,,,
525,137505,,,
526,137640,,,
527,137860,,,
528,137853,,,
529,139485,,,
530,139519,,,
531,140595,,,
532,141141,,,
533,141112,,,
534,141815,,,
535,142215,,,
536,142560,,,
537,143250,,,
538,144438,,,
539,144463,,,
540,145494,,,
541,145917,,,
542,146146,,,
543,145775,,,
544,147576,,,
545,148237,,,
546,147839,,,
547,147186,,,
548,149602,,,
549,150411,,,
550,149264,,,
551,151504,,,
552,152021,,,
553,152508,,,
554,152716,,,
555,153669,,,
556,153510,,,
557,154791,,,
558,153918,,,
559,155730,,,
560,155925,,,
561,157014,,,
562,157575,,,
563,157950,,,
564,158738,,,
565,159120,,,
566,159399,,,
567,160136,,,
568,160973,,,
569,161365,,,
570,161669,,,
571,160782,,,
572,161928,,,
573,163787,,,
574,163955,,,
575,164560,,,
576,165135,,,
577,164850,,,
578,166600,,,
579,166701,,,
580,167679,,,
581,167929,,,
582,168818,,,
583,169463,,,
584,169936,,,
585,170355,,,
586,171339,,,
587,171738,,,
588,171875,,,
589,172463,,,
590,173710,,,
591,174309,,,
592,174881,,,
593,173637,,,
594,176115,,,
595,176154,,,
596,174964,,,
597,176580,,,
598,177975,,,
599,178981,,,
600,179204,,,
601,180110,,,
602,180523,,,
603,181038,,,
604,181953,,,
605,182520,,,
606,183249,,,
607,182975,,,
608,183862,,,
609,185070,,,
610,184965,,,
611,186289,,,
612,186900,,,
613,187050,,,
614,187288,,,
615,188139,,,
616,188640,,,
617,189900,,,
618,190328,,,
619,190836,,,
620,191700,,,
621,192210,,,
622,192635,,,
623,192213,,,
624,194025,,,
625,194622,,,
626,195030,,,
627,195926,,,
628,196647,,,
629,197478,,,
630,196860,,,
631,198729,,,
632,198315,,,
633,199962,,,
634,200661,,,
635,200665,,,
636,200940,,,
637,202313,,,
638,200575,,,
639,202760,,,
640,204015,,,
641,205042,,,
642,205733,,,
643,204633,,,
644,206416,,,
645,207255,,,
646,207705,,,
647,208630,,,
648,209562,,,
649,210221,,,
650,210672,,,
651,211197,,,
652,211050,,,
653,212773,,,
654,212865,,,
655,213195,,,
656,213805,,,
657,214676,,,
658,215922,,,
659,216283,,,
660,217415,,,
661,217695,,,
662,218356,,,
663,219102,,,
664,219413,,,
665,219127,,,
666,221292,,,
667,221705,,,
668,222037,,,
669,222981,,,
670,223485,,,
671,223245,,,
672,223440,,,
673,225600,,,
674,226060,,,
675,225264,,,
676,227247,,,
677,228735,,,
678,228642,,,
679,230061,,,
680,230845,,,
681,230874,,,
682,231186,,,
683,232407,,,
684,231695,,,
685,233450,,,
686,234655,,,
687,234366,,,
688,235767,,,
689,236551,,,
690,236577,,,
691,237405,,,
692,237133,,,
693,235950,,,
694,240468,,,
695,238084,,,
696,241299,,,
697,241071,,,
698,243148,,,
699,243321,,,
700,244460,,,
701,245140,,,
702,246030,,,
703,245892,,,
704,246895,,,
705,248055,,,
706,248612,,,
707,249136,,,
708,250107,,,
709,250391,,,
710,251419,,,
711,252174,,,
712,252996,,,
713,253723,,,
714,254388,,,
715,254265,,,
716,254745,,,
717,255146,,,
718,256737,,,
719,257380,,,
720,258630,,,
721,259550,,,
722,259785,,,
723,258858,,,
724,260780,,,
725,262384,,,
726,263154,,,
727,263495,,,
728,263403,,,
729,265278,,,
730,265419,,,
731,266812,,,
732,266418,,,
733,268025,,,
734,267300,,,
735,269739,,,
736,270435,,,
737,270751,,,
738,270627,,,
739,271610,,,
740,273415,,,
741,273894,,,
742,274316,,,
743,274833,,,
744,276096,,,
745,276969,,,
746,275400,,,
747,278036,,,
748,278103,,,
749,279045,,,
750,277554,,,
751,280400,,,
752,281673,,,
753,282182,,,
754,283020,,,
755,284425,,,
756,285312,,,
757,285443,,,
758,285822,,,
759,287570,,,
760,288365,,,
761,289144,,,
762,288813,,,
763,290207,,,
764,290970,,,
765,290019,,,
766,292499,,,
767,292633,,,
768,294032,,,
769,294918,,,
770,296029,,,
771,296339,,,
772,296865,,,
773,297388,,,
774,299046,,,
775,299715,,,
776,299797,,,
777,299523,,,
778,301788,,,
779,303021,,,
780,303180,,,
781,304400,,,
782,304875,,,
783,305373,,,
784,306930,,,
785,306900,,,
786,308439,,,
787,307913,,,
788,309700,,,
789,310005,,,
790,311502,,,
791,312340,,,
792,313065,,,
793,313208,,,
794,314590,,,
795,315524,,,
796,316382,,,
797,316216,,,
798,317568,,,
799,318395,,,
800,319324,,,
801,320147,,,
802,321165,,,
803,321262,,,
804,322506,,,
805,323607,,,
806,322930,,,
807,323205,,,
808,326018,,,
809,326791,,,
810,327345,,,
811,327509,,,
812,329013,,,
813,327933,,,
814,330891,,,
815,330885,,,
816,332492,,,
817,333036,,,
818,332137,,,
819,334740,,,
820,335724,,,
821,334957,,,
822,336801,,,
823,337587,,,
824,338940,,,
825,339864,,,
826,340670,,,
827,341116,,,
828,342287,,,
829,342386,,,
830,342760,,,
831,343640,,,
832,345443,,,
833,346500,,,
834,346926,,,
835,347667,,,
836,348754,,,
837,349811,,,
838,349050,,,
839,351013,,,
840,352275,,,
841,352842,,,
842,353358,,,
843,354042,,,
844,354521,,,
845,355770,,,
846,356840,,,
847,356741,,,
848,357853,,,
849,359541,,,
850,357504,,,
851,361597,,,
852,360815,,,
853,362052,,,
854,363490,,,
855,364557,,,
856,364764,,,
857,365668,,,
858,366912,,,
859,367565,,,
860,369250,,,
861,369284,,,
862,370563,,,
863,368950,,,
864,372150,,,
865,372777,,,
866,374167,,,
867,375275,,,
868,376088,,,
869,377125,,,
870,377154,,,
871,378857,,,
872,379711,,,
873,380277,,,
874,380276,,,
875,382024,,,
876,380972,,,
877,383826,,,
878,384898,,,
879,385866,,,
880,386550,,,
881,387262,,,
882,387660,,,
883,388700,,,
884,388855,,,
885,388892,,,
886,391779,,,
887,392751,,,
888,391343,,,
889,394463,,,
890,395550,,,
891,395505,,,
892,397233,,,
893,398125,,,
894,399126,,,
895,397787,,,
896,400957,,,
897,401391,,,
898,402633,,,
899,403573,,,
900,403809,,,
901,404855,,,
902,405175,,,
903,405362,,,
904,407295,,,
905,408907,,,
906,409404,,,
907,410661,,,
908,411217,,,
909,412650,,,
910,412269,,,
911,414315,,,
912,415065,,,
913,414248,,,
914,416890,,,
915,417659,,,
916,418965,,,
917,417060,,,
918,419363,,,
919,421755,,,
920,422719,,,
921,423540,,,
922,423986,,,
923,425178,,,
924,423941,,,
925,427160,,,
926,426622,,,
927,428823,,,
928,429348,,,
929,430885,,,
930,430445,,,
931,432684,,,
932,433615,,,
933,434607,,,
934,435333,,,
935,435267,,,
936,437570,,,
937,437775,,,
938,438988,,,
939,440376,,,
940,441285,,,
941,441970,,,
942,441780,,,
943,443877,,,
944,444718,,,
945,446004,,,
946,446984,,,
947,447853,,,
948,448472,,,
949,449475,,,
950,449500,,,
951,450945,,,
952,452180,,,
953,452547,,,
954,451178,,,
955,455282,,,
956,456237,,,
957,457293,,,
958,457275,,,
959,459295,,,
960,460020,,,
961,459264,,,
962,461461,,,
963,462423,,,
964,463866,,,
965,464095,,,
966,466092,,,
967,466115,,,
968,467248,,,
969,467285,,,
970,467264,,,
971,470115,,,
972,471878,,,
973,472527,,,
974,473620,,,
975,473835,,,
976,475059,,,
977,476476,,,
978,475542,,,
979,477696,,,
980,478435,,,
981,479744,,,
982,481461,,,
983,482218,,,
984,481745,,,
985,484599,,,
986,484120,,,
987,486401,,,
988,485232,,,
989,487531,,,
990,486395,,,
991,489842,,,
992,490408,,,
993,491625,,,
994,493518,,,
995,493987,,,
996,494769,,,
997,496316,,,
998,496177,,,
999,497175,,,
1000,499035,,,
,,,,
Bubble Lists Size 1000: Lowest and Highest,,,,
1000,499175,,,
Bubble Lists Size 1000: Highest to Lowest,,,,
1000,499464,,,
,,,,
Shell Sort Lists of Size Powers of 2 (1 to 10) : Lowest to Highest,,,,
1,0,,,
2,1,,,
4,7,,,
8,22,,,
16,74,,,
32,207,,,
64,585,,,
128,1428,,,
256,4250,,,
512,9637,,,
1024,25594,,,
,,,,
Shell Sort List Size Powers of 2 (1 to 10): Highest to Lowest,,,,
1,0,,,
2,2,,,
4,8,,,
8,29,,,
16,88,,,
32,218,,,
64,590,,,
128,1357,,,
256,4107,,,
512,9874,,,
1024,25322,,,
